{
    "1": {
        "x" : 39,
        "y" : 62,
        "direction" : 1.4313563,
        "magnitude" : 1.7814249
    },
    "2": {
        "x" : 669,
        "y" : 642,
        "direction" : 1.4313563,
        "magnitude" : 1.7814249
    }
}
